SCREENNAME,FIELDNAME,LOCATORTYPE,FIELDDEFINITION
HomePage,FastPath_TextBox,xpath,"(//input[contains(@id,'fastPathSubForm')])[1]"
GENERIC,RTD_Link_WithTitle,xpath,//a[@title='DATA']
GENERIC,RTD_Link_WithText,xpath,//a[text()='DATA']
GENERIC,RTD_Link_WithTitleContains,xpath,"//a[contains(@title,'DATA')]"
GENERIC,RTD_Link_WithTextContains,xpath,"//a[contains(text(),'DATA')]"
GENERIC,RTD_Input_WithPlaceHolder,xpath,//input[@placeholder='DATA']
GENERIC,RTD_Button,xpath,//button[.='DATA']
HomePage,Login_Button,xpath,//input[@value='Sign In' or @value='Submit'] | (//button[@id='loginButton'] | //input[@value='Login'])
LandingPage,RTD_ProductOffer_Link,xpath,//span[.='DATA']/ancestor::td/following-sibling::td//a[@title='Add Product Group']
LandingPage,StartApplication_Button,xpath,//td[.='Start Application']
GENERIC,RTD_Input_WithTitle,xpath,//input[@title='DATA']
GENERIC,RTD_Input_WithLabel,xpath,//input[@aria-label='DATA']
GENERIC,RTD_Element_WithIDContains,xpath,"//*[contains(@id,'DATA')]"
GoogleSearch,SiteSearchResults,xpath,"//div[contains(@id,'rso')]//div[@class='bkWMgd']//div[@class='g']//h3[@class='r']//a"
GoogleSearch,RTD_SiteSearchResults,xpath,"(//div[contains(@id,'rso')]//div[@class='bkWMgd']//div[@class='g']//h3[@class='r']//a)[DATA]"
